TITOLO BUONA PRATICA CULTURALE;NUMERO ORDINE DI ARRIVO DOMANDA;SOGGETTO PROPONENTE;SITO INTERNET PROPONENTE;PROVINCIA SEDE LEGALE PROPONENTE;COMUNE SEDE LEGALE PROPONENTE;PARTNER
Cinema, amore mio;1;Atelier Lumiere Associazione Culturale;www.atelierlumiere.it;FR;Ferentino;"Presidenza del Consiglio dei Ministri, Dipartimento per le Pari OpportunitÖ (Ente finanziatore); ASL Provincia di Frosinone, Centro Diurno di Salute Mentale di Frosinone; Centro Diurno di Salute Mentale di Ferentino; ComunitÖ Priori di Ceccano; Conservatorio Licinio Refice di Frosinone; Liceo Artistico Bragaglia di Frosinone; Scuola media Giorgi di Ferentino; Associazione M. G. Coppotelli; Conscom, UniversitÖ popolare per le scienze sociali e della comunicazione"
DIAMOND-Dialoguing Museums for a New Cultural democracy;2;ECCOM-Centro Europeo per l?Organizzazione e il Management culturale;www.eccom.it;RM;Roma;"Roma Capitale, Sovrintendenza Capitolina ai Beni Culturali e Museo Civico di Zoologia; Melting Pro, Laboratorio per la Cultura; Museo di Storia Naturale ?Grigore Antipa? di Bucarest; Museo di Scienze Naturali ?Ion Borcea? di Bacau; Museo di Scienze Naturali di Valencia"
MCP-Brokering Migrants Cultural Partecipation;3;Centro Europeo per l'Organizzazione e il Management culturale;www.eccom.it;RM;Roma;"Ministero dei Beni e delle AttivitÖ Culturali e del Turismo, Museo Nazionale Preistorico ed Etnografico ?Luigi Pigorini?; Roma Capitale, Sovrintendenza Capitolina ai Beni Culturali, Museo Civico di Zoologia e Museo dei Fori Imperiali nei Mercati di Traiano; Interarts Foundation (Spagna); Intercult (Svezia); EDUCULT (Austria); CAE, Culture Action Europe (Belgio); ECCOM-European Centre for Cultural Organisation and Management (Italia)"
Rete Museale Urbana di Velletri;6;Comune di Velletri (Musei Civici);www.velletrimusei.it ;RM;Velletri;"Regione Lazio; Diocesi Velletri-Segni"
Celebrazioni Bimillenario Augusteo;7;Comune di Velletri (Musei Civici);www.velletrimusei.it ;RM;Velletri;"Soprintendenza Speciale Archeologica di Roma; Soprintendenza per i Beni Archeologici del Lazio; Regione Lazio; UniversitÖ Sapienza Roma e UniversitÖ Roma Tre-FacoltÖ di Ingegneria; Liceo Mancinelli-Falcone di Velletri; Alcuni saloni Arte & Stile di Velletri"
Missione Archeologica del Castello di Piombinara;11;Comune di Colleferro/Museo Archeologico del Territorio Toleriense;www.comune.colleferro.rm.it;RM;Colleferro;"Soprintendenza Archeologia del Lazio e dell'Etruria meridionale; Comune di Colleferro, Provincia di Roma (CittÖ Metropolitana); Regione Lazio; Centro Geotecnologie dellÔUniversitÖ degli Studi di Siena; Liceo ?L. Ariosto?, Ferrara; Liceo ?Archita?, Taranto; IISS, ?M. Rossi Doria?, Marigliano (NA); IIS di Via delle Scienze, Colleferro (RM); IPIA ?P. Parodi Delfino? Colleferro (RM); ITIS ?S. Cannizzaro?, Colleferro; IIS ?Mancinelli e Falconi?, Velletri, IIS ?D. Alighieri?, Cisterna di Latina (LT); IIS ?Anagni?, Anagni (FR); Italcementi Group di Bergamo; Flyren Energy Group S.r.l. di Torino; COOP Toscana/Lazio; Gruppo Archeologico Toleriense, Colleferro (RM); Gruppo Archeologico Veliterno, Velletri (RM); Gruppo Archeologico Ferrarese, Ferrara; UNITRE (UniversitÖ delle tre etÖ), Colleferro (RM); Soc. cooperativa di Servizi Culturali ?Il Betilo?"
MUSICA POPOLARE ITALIANA.COM;12;NEW MEDIA FARM   S.R.L.;www.musicapopolareitaliana.com.;LT;Latina;"Consulting & Management Company S.r.l.; Panservice SaS; Associazione Musica Popolare Italiana; Artisti, Scuole di Ballo e Canto, collaboratori freelance, web Community"
Scuola InCanto- Progetto di avvicinamento alla musica lirica per studenti della scuola dell?obbligo;14;ASSOCIAZIONE MUSICALE EUROPA INCANTO;www.europaincanto.it;RM;Roma;Teatro di Roma (Teatro Argentina e Teatro India). Conservatorio di S. Cecilia. Istituti Scolastici Comprensivi della Regione Lazio
RECUPERO DEI LOCALI, RISTRUTTURAZIONE MUSEALIZZAZIONE CON FRUIZIONE GRATUITA DEL PUBBLICO;15;ASS. FANNIUS - LABORATORIO DI ARCHEOLOGIA LIBRARIA E BIBLIOTECARIA;www.fannius.it/villa-adriana;RM;Tivoli;"Regione Lazio; Provincia di Roma/Roma Capitale; Comune di Roma; Soprintendenza ai Beni Archeologici del Lazio; Polo Museale Regionale MIBACT, Direzione di Villa Adriana e Direzione Generale per le Biblioteche, gli Istituti Culturali e il Diritto d'Autore, Soprintendenza Archivistica del Lazio; Comune di Tivoli, Comune di Roma - Ufficio cittÖ Come Scuola; CNR, Istituto dei Sistemi Complessi; Accademia delle Belle Arti di Washington DC; Smithsonian Institute Washington Dc USA; Biblioteca Apostolica Vaticana; FacoltÖ di Restauro dei Monumenti Sapienza di Roma; University of South Carolina ? USA; Istituti scolastici italiani; ALMA SAS"
RECUPERO DEI LOCALI, RISTRUTTURAZIONE E MUSEALIZZAZIONE DIDATTICA DI BENI DI INTERESSE STORICO ED ARTISTICO CON FRUIZIONE GRATUITA DEL PUBBLICO;16;ASS. FANNIUS - MUSEO DIDATTICO DEL LIBRO ANTICO;www.museolibroantico.com;RM;Tivoli;"Regione Lazio, Provincia di Roma, Soprintendenza ai Beni Architettonici del Lazio, Polo Museale Regionale MIBACT, Direzione della Villa d'Este, Direzione Generale per le Biblioteche, gli Istituti Culturali e il Diritto d'Autore, Soprintendenza Archivistica del Lazio; Comune di Tivoli, Comune di Roma - Ufficio cittÖ Come Scuola; CNR, Istituto dei Sistemi Complessi, Accademia delle Belle Arti di Washington DC, Smithsonian Institute Washington Dc USA, Musei Vaticani, Biblioteca Apostolica Vaticana, University of McKlung Museum - Tennessee - USA, University of South Carolina - USA, Museo della CiviltÖ Romana; Istituti scolastici italiani; ALMA SAS"
"Il complesso delle attivitÖ dell'Archivio Storico (ASCER) e del centro di Cultura Ebraica (CCE) della ComunitÖ Ebraica di Roma (CER) come modello di ""buone pratiche"": la divulgazione di un patrimonio plurisecolare";17;ComunitÖ Ebraica di Roma;"www.romebraica.it; www.romaebraica.it/archivio-storico-ascer; www.culturaebraica.roma.it";RM;Roma;Archivio di Stato di Roma. Camera di Commercio di Roma. Istituto Luce. Istituto centrale per il restauro e la conservazione del patrimonio archivistico librario-ICPAL. Soprintendenza dei Beni Archivistici per il Lazio. Biblioteca Casanatense. Regione Lazio. Provincia di Roma. Roma Capitale-Assessorato alla Cultura, CreativitÖ e Promozione Artistica-Sovrintendenza Capitolina ai Beni Culturali. European Shoah Legacy Institute. Unione delle ComunitÖ Ebraiche Italiane-Master in Cultura ebraica e comunicazione. Scuola Ebraica di Roma. Istituto Cervantes di Roma. Centro Russo di scienza e cultura. ?La Sapienza? UniversitÖ di Roma. UniversitÖ della Tuscia. UniversitÖ di Cassino. Fondazione Museo della Shoah. Forum austriaco di Cultura. Scuola elementare Garibaldi di Roma. Istituto tecnico di Terracina. : Win & Co. Associazione Vita Indipendente-AVI. Le case editrici Baldini & Castoldi, Franco Angeli, Gangemi, Giubilei Regnani, Giuntina, Graphofeel, Hoepli, La compagnia del libro, Laterza, Marlin, Mondadori, Nuova Editrice Berti, Rizzoli, Salomone Belforte & C., Sovera, Viella. Rai Cinema, Global Vision Group, il regista Gianfranco Pannone
Val'S. Laboratorio per lo studio del paesaggio sonoro e delle tradizioni musicali della Valle del Sacco;19;EOLO ETNOLABORATORIO PER IL PATRIMONIO CULTURALE IMMATERIALE;www.etnolaboratorio.org;RM;Roma;"Comune di Acuto; Comune di Anagni; Comune di Artena; Comune di Gavignano; Comune di Montelanico; Comune di Segni; Associazione Culturale Etnostudi di Brescia"
"PREMIO FIBRENUS-""Carnello cArte ad Arte""";20;OFFICINA DELLA CULTURA;www.officinacultura.it;FR;Isola del Liri;"Provincia di Frosinone; Comune di Arpino; Comune di Isola del Liri; Comune di Sora; Museo Civico della Media Valle del Liri di Sora; Fondazione ""Umberto Mastroianni"" di Arpino; Liceo Artistico A. Valente di Sora; Ale Consulting servizi di ingegneria; Ordine degli Architetti di Frosinone; Kaus - Centro internazionale d'incisione di Urbino, Xenia cultura turismo guide turistiche; Banca Popolare del Cassinate, Sora24 media partner"
Cerealia. La Festa dei Cereali. Cerere e il Mediterraneo;22;M.Th.I. Music Theatre International;www.cerealialudi.org www.mthi.it;RM;Roma;"Ambasciata della Repubblica di Croazia in Italia, Ente del turismo Croato in Italia; Casa Croata; Commissione Nazionale Italiana per l'UNESCO, Ministero degli Affari Esteri, Ministero dello Sviluppo Economico, Mibact, Ministero delle Politiche Agricole e Forestali; Regione Lazio; Roma Capitale (Lazio Expo 2015), Comune di Roncade, Comune di Tarquinia; Expo Milano 2015, Festival of Festivals; FederBio-Federazione per l'Agricoltura Biologica; Roma in campagna; AIAB-Associazione Italiana per l'Agricoltura Biologica, Fondazione Campagna Amica; ARDAF-Associazione Romana Dottori in Agraria e Forestali; UniversitÖ Agraria di Tarquinia; Associazione Italiana Amici dei Mulini Storici; SocietÖ Umanitaria; Museo Nazionale delle Paste Alimentari; Forum del Terzo Settore Lazio; ArcheoClub d'Italia; Con.Me.; ConsMaremma; Corpo Forestale dello Stato; Ordine dei Dottori Agronomi e dei Dottori Forestali della Provincia di Roma; La Lestra; Tarquinia APS KmO; Mercato Contadino Castelli Romani e Capannelle; Archeclub d'Italia sede di Vibo Valentia; Valle Corta; Saperi e Sapori; SlowTourism; Roming; H earth; Minimo impatto; PureJute; SpotZone; Centro Sperimentale di Fotografia; Hilterland Bar GelatiDivini; EcoZema; Domus Romana; Hotel Genova; Birrificio Castelli Romani; Ivan il Re del Pane; Irene Badala Vini dell'Etna; Castrianni pianoforti; Centro Sistema Bibliotecario Vibonese; Romacostumi; Tenuta Tre Cancelli; Agroalimentare in Rosa; Specchio Romano; Gustolab International Institute for Food Studies; BAICR Cultura della Relazione; Lazio Innova; La Feltrinelli; Forte Marghera; Centro Studi CTS e Master in Turismo Culturale ed Enogastronomico; Istituto Tecnico Agrario Emilio Sereni; Esperimenti GDO Dance Company; Bibliothä; Slow Food Veneto e Mestre; Il futuro nel cucchiaio; Teatro del Pane; Ristorante Le Vie; Archeoclub d'Italia sede di Venezia; Archeoclub d'Italia sede di Altamura; Pilates; Stewardship; Area Colonia Felina della Piramide Onlus; FIDAF-Federazione Italiana Dottori in Agraria e Forestali; Agriturismo il Quadrifoglio; ass. cult. Mnemosune; Chinappi; Gruppo Storico Publio Elio Adriano; Strada del Vino Terre Etrusco Romane; Panella l'arte del pane; BCC Roma; UniCoop Tirreno; Le Idi Adrianensi; La Roma dei Fenici; European Festival della Via Francigena; Open Air Expo 2015; ViniCibando; I Vicoli del vino; Arci-Biennale dei Giovani Artisti del Mediterraneo"
Progetto di ricerca e di conservazione della cd. cappella paleocristiana sita sotto l'Ospedale dell'Angelo (A. O. San Giovanni-Addolorata);25;Cer. Edil Concordia S. r. l.;www.hsangiovanni.roma.it;VT;Nepi;"Soprintendenza Speciale per il Colosseo, il Museo Nazionale Romano e l'Area Archeologica di Roma; Azienda Ospedaliera San Giovanni-Addolorata; Seinan Gakuin University (Fukuoka, JP); Impresa individuale G. Casaril; Delta A. P. S. S. r. L.; dr.ssa archeol. Alessandra Cerrito; dott. arch. Paolo Vitti"
Archivi in mostra-Teofilo De Angelis;26;Associazione Culturale Terre Rare;www.terrerarecultura.it;RM;Artena;"Istituto per la storia del Risorgimento italiano; Museo Centrale del Risorgimento; Parrocchia Santo Stefano Protomartire della cittÖ di Artena; Comune cittÖ di Artena (RM); Archivio Storico Istituto Luce; Archivio Storico Innocenzo III di Segni (RM); Chicago Daily Tribune; Teatro dell?Opera di Roma; Accademia di Santa Cecilia; Istituto Comprensivo Alcide De Gasperi di Artena; Coro Polifonico Teofilo De Angelis; Confraternita Maria SS. Delle Grazie di Artena; Alessio Paolone - Artista contemporaneo; Collezioni private; benicultura.it- media partner"
Automatic publication under LInked dAta paradigm of library Data - ALIADA;27;@CULT SRL;www.aliada-project.eu/www.atcult.it;RM;Roma;"ScanBit; Tecnalia; ARTIUM - Centro Museo Vasco de Arte Contempor†neo (Vitoria-Gasteiz); Museo di Belle Arti di Budapest - SzÈpmuvÈszeti M˙zeum"
"Gestione ""Centro Culturale Casale Caletto""";28;Associazione Trousse;www.associazionetrousse.it;RM;Roma;"Istituzione Biblioteche di Roma e Centri Culturali; Regione Lazio:Assessorato alle Politiche Culturali; Regione Lazio: Assessorato alle Politiche Sociali; Comune di Roma: Assessorato alle Politiche Sociali; Comune di Roma: Assessorato alla Cultura; Municipio IV; Banca di Credito Cooperativo; Ad Spem, associazione donatori di sangue Policlinico Umberto I; Associazione Teatrale REGIS; Associazione AICEM - Associazione Italiana Cooperazione Europa Mondo; Associazione Lilla Onlus; Comitato di Quartiere Casale Caletto; Associazione Culturale Hola; Cooperativa Sociale Spazio Nostro; Cooperativa Sociale Albatross; Farmacia: Casale Caletto; Associazione italiana contro le leucemie ? AIL; Diocesi di Roma; Tavola Valdese; IFestival di Roma; I teatri di cintura di Roma"
LA MIA LETTERA AL MONDO - Laboratori di Scrittura e Cittadinanza;29;STUDIO ROSARIO GARRA - Progetti editoriali e Formazione;www.lamialetteralmondo.com;RM;Roma;"Ministero Istruzione UniversitÖ e Ricerca - Ufficio Scolastico Regionale per il Lazio; Ministero per i Beni e le AttivitÖ Culturali - Istituto per il Libro; Commissione Europea - Ufficio di Rappresentanza in Italia; Regione Lazio - Assessorato alle AttivitÖ Produttive (legge  n. 36/1998, art.8); Scuole secondarie di I e II grado di Roma e del Lazio; Imprese editrici e autori di periodici culturali; Associazione Italiana Biblioteche (AIB) Sezione Lazio; Coordinamento Riviste Italiane di Cultura (CRIC)"
TEATRO IN FUGA;30;ARTESTUDIO;www.artestudio.it;RM;Roma;"Regione Lazio; MIBACT; Roma Capitale; Provincia di Roma; Sovrintendenza Nazionale; Ministero Giustizia; Ministero Interni; Ministero Esteri; Teatro di Roma-Teatro Argentina; MACRO, Galleria Nazionale d?Arte Moderna; UniversitÖ di Roma La Sapienza; UniversitÖ Roma Tre; UniversitÖ di Beirut; UniversitÖ di Hebron; UniversitÖ di Amman; Le Scarpe di Van Gogh; Rodez; Cane Pezzato; Fierascena; Muses; KING KONG Teatro; Nafta Hotel; Intersos; UNHCR; C.A.R.A. Centro Accoglienza Richiedenti Asilo di Castelnuovo di Porto (RM)"
TEATRO A RIGHE;31;ARTESTUDIO;www.artestudio.it;RM;Roma;"Regione Lazio; MIBACT; Roma Capitale; Provincia di Roma; Sovrintendenza Nazionale; Ministero Giustizia; Ministero Interni; Ministero Esteri; vari Comuni; Istituti Penitenziari; ASL; MACRO, Galleria Nazionale d?Arte Moderna; UniversitÖ di Roma La Sapienza; UniversitÖ Roma Tre; Le Scarpe di Van Gogh; Rodez; Cane Pezzato; Fierascena; Muses; KING KONG Teatro; Nafta Hotel"
Intervento di valorizzazione del patrimonio archivistico delle Diocesi della provincia di Frosinone;32;Provincia di Frosinone;www.provincia.fr.it ;FR;Frosinone;"Regione Lazio; Soprintendenza Archivistica per il Lazio; Diocesi di Anagni-Alatri; Diocesi di Frosinone-Veroli-Ferentino; Diocesi di Sora-Aquino-Pontecorvo; Abbazia territoriale di Montecassino"
Modello istituzionale per il restauro e la conservazione dei beni culturali in ambito provinciale;33;Provincia di Viterbo;www.provincia.viterbo.gov.it ;VT;Viterbo;"Associazione Arco Latino, rete di Governi Locali intermedi sulle sponde Mediterraneo di Italia, Francia e Spagna; Escola d'Art i Disseny a Tortosa della Deputazione di Tarragona; Centre de Conservation et de Restauration du Patrimoine a Perpignan del Consiglio Generale dei Pirenei Orientali"
Biblioteca Diffusa;35;Consorzio SBCR (Sistema Bibliotecario Castelli Romani);www.sbcr.it;RM;Genzano di Roma;"Comune di Velletri, Comune di Albano Laziale, Comune di Lanuvio, Comune di Ariccia, Comune di Ciampino, Comune di Grottaferrata, Comune di Marino, Comune di Lariano, Comune di Genzano di Roma, Comune di Castel Gandolfo, Comune di Colonna, Comune di Montecompatri, Comune di Monte Porzio Catone, Comune di Rocca di Papa, Comune di Rocca Priora, Comune di Nemi, Comune di Frascati; Fondazione Policlinico Tor Vergata; Cinema Il Piccolissimo-Ciampino; Studio d?Arte Urbinelli-Grottaferrata; Bar Cavour-Grottaferrata; Bar Lucci-Grottaferrata; Silvagni parrucchiere-Grottaferrata; Libreria Adeia-Grottaferrata; Euforia parrucchieri-Lanuvio; Locanda Specchio di Diana-Nemi; Bar La Piazzetta-Velletri; Club Medici Service Srl-Roma; CNA Roma Castelli; ASD Accademia del Nuoto-Marino; Associazione l?Aquilone Rosa-Rocca di Papa"
Linea di documentazione e informazione territoriale Vivavoce;36;Consorzio SBCR (Sistema Bibliotecario Castelli Romani);www.sbcr.it;RM;Genzano di Roma;"Comune di Velletri, Comune di Albano Laziale, Comune di Lanuvio, Comune di Ariccia, Comune di Ciampino, Comune di Grottaferrata, Comune di Marino, Comune di Lariano, Comune di Genzano di Roma, Comune di Castel Gandolfo, Comune di Colonna, Comune di Montecompatri, Comune di Monte Porzio Catone, Comune di Rocca di Papa, Comune di Rocca Priora, Comune di Nemi, Comune di Frascati; UniversitÖ di  Tor Vergata, CNR Frascati; Aziende vitivinicole, societÖ di servizi, esercizi commerciali di Area; CNA Castelli Romani; Associazioni culturali e ambientali di Area"
Valorizzazione del Polo monumentale di Colle del Duomo;40;Archeoares S.n.c. di Gianpaolo Serone e Co.;www.archeoares.it;TR                  VT;Terni, Viterbo;"Curia Vescovile di Viterbo; CCIAA di Viterbo; Bic Lazio Icult; Provincia di Viterbo; UniversitÖ della Tuscia; Scuole di ogni ordine e grado di diverse zone d'Italia; Quartieri dell'Arte; Artis Project; Esc creative project; Webnovo; Strutture ricettive della provincia di Viterbo; Strutture termali della provincia di Viterbo; Agenzie e T.O. che lavorano sulla Tuscia; Associazione di imprese ""Un giro in centro""; Associazioni nazionali e internazionali che operano sulla Tuscia con finalitÖ turistiche; Associazioni di artisti contemporanei; Sodalizio dei Facchini di Santa Rosa; Rete contratto ""Etruscan Life Tour"""
SISTEMA ECOMUSEALE DEL LITORALE ROMANO;41;CRT COOPERATIVA RICERCA SUL TERRITORIO;www.ecomuseocrt.it;RM;Roma;"Regione Lazio, Assessorato Cultura, Assessorato Ambiente, Comune di Roma, Sovrintendenza ai Beni Culturali Roma Capitale, Comune di Fiumicino, Provincia di Roma, Comune di Ravenna, Municipio X del Comune di Roma, Consorzio di Bonifica Ostia e Maccarese, UniversitÖ di Roma La Sapienza, Istituto di Parassitologia, Dipartimento di Geologia, Fondazione Archivio Audiovisivo del Movimento Operaio e Democratico, Scuole gemellate di Acilia (Istituto comprensivo Calderini Tuccimei) e di Ravenna (Istituto Comprensivo Manara Valgimigli); Scuole avviate alla elaborazione delle mappe di ComunitÖ: I.C. Calderini-Tuccimei,ˇI.C. Via Mar Rosso,ˇL.S.S. Enriques,ˇI.C. Giovanni Paolo II,ˇI.C. Aristide Leonori, I.C. Marco Ulpio Traiano, Azienda Maccarese spa, Banca di Credito Cooperativo di Roma, Federazione delle Cooperative della provincia di Ravenna, Lega delle Cooperative Emilia Romagna, Cooperativa di Sant?Alberto di Romagna, Centro Anziani di Ostia Antica, di Acilia, di Passoscuro, di Maccarese, Associazione Sardi di Ostia Lido, Persone fisiche in veste di donatori di testimonianza, documenti d?archivio familiare, oggetti, attrezzi, fotografie e filmati"
Mese della Cultura Pamphilia;42;COMUNE DI VALMONTONE;www.comunevalmontone.it;RM;Valmontone;"MIBACT-Soprintendenza per i Beni Storici, Artistici ed Etnoantropologici del Lazio; Ufficio per la Conservazione del Patrimonio Artistico del Quirinale; Consiglio Regionale del Lazio; Sistema Museale territoriale ""Museumgrandtour""; University of Malta; Scuole di ogni ordine e grado del territorio di Valmontone; ""Valmontone Hospital s.p.a.""; Associazioni Culturali di Valmontone; Repubblica di Malta; Confraternita del SS. Sacramento e del SS. Rosario di San Martino al Cimino; Museo dell'Abate di San Martino al Cimino"
ODAC. Officina Didattica per l'Arte Contemporanea ;43;Comune di Ariccia;www.ariccia.rm.gov.it;RM;Ariccia;"Palazzo Chigi in Ariccia  Museo del Barocco Romano; SBCR-Consorzio Bibliotecario dei Castelli Romani; UniversitÖ delle Tre etÖ- Ariccia, Palazzo Chigi; UniversitÖ Cattolica Milano; Istituto comprensivo Volterra di Ariccia; Istituto Giorgina Borgiani di Ariccia; Istituto Pie Venerine di Ariccia; Istituto comprensivo De Sanctis di Genzano di Roma; Botw s.r.l.; Mousse publishing; Ago Uno s.r.l.; Disamis s.r.l.; Com.Ing s.r.l.; Start associazione culturale per l'arte contemporanea di Ariccia; Osservatorio giovanile di Ariccia; Archivio della Memoria di Roma; Tate Modern di Londra"
"Mostra ""Un Re, un Guerriero, un Eroe"". La Tomba 36 della necropoli sabina di Eretum";48;Comune di Fara in Sabina;www.farainsabina.gov.it;RI;Fara in Sabina;"Regione Lazio (Sistema museale regionale VA.TE.); Soprintendenza archeologica per il Lazio; CNR- Istituti di ricerca ITABC ed ISCIMA"
FOLKLORE: TRADIZIONI, CULTURA e PACE;49;Associazione Culturale Gruppo Folk ?I Paggetti?;www.gruppofolkipaggetti.it;LT;Minturno;"Regione Lazio; Provincia di Roma; XVII ComunitÖ Montana ?Monti Aurunci?, Parco Regionale ?Riviera di Ulisse?; Scuole del territorio: Minturno 1¯ Circolo; Minturno-Scauri  2¯ Circolo; Formia Scuola Dante Alighieri ?Musiche e Danze Popolari?; FITP (Federazione Italiana Tradizioni Popolari); Ass. Folk CittÖ di Matelica (MC); Ass. Folk Valle di Comino Atina (FR); Ass. Folk La Frattese Ausonia (FR); Ass. Folk CittÖ di Vinchiaturo (CB); Ass. Folk ?Il Pertico? di Piglio (FR); Ass. Folk Figli di Lauro di Sessa Aurunca (CE); Ass. Folk Sbandieratori dei casali di Minturno (LT); Ass. Folk Glio? Ventriscu di Castelforte (LT); Ass. Folk Gli Singheri di Coreno Ausonio (FR); Ass. Folk Compagnia degli Zanni di Pescorocchiano (RI); Ass. Folk Laurianum di San Castrese Sessa Aurunca (CE); Ass. Folk Gli Paes Mei di Alatri (FR); Ass. Folk Gruppo Sankofa Djnn?s di Bingerville ? Costa D?Avorio; Ass. Folk Children?s Folk Dance Ensemble Argvi di Tiblisi ? Georgia; Ass. Folk Dance Group Gradac di Valjevo ? Serbia; Ass. Folk di Maguracik ? Slovacchia; Ass. Folk ?Gimbora? di Gyula -  Ungheria; Ass. Folk Pungo Music end Theater-Hsih -Ying -Taiwan; Ass. Folk Agrupacion Cultural Yamar Chicchi Danzates de Tijeras Huancavelica  - Peró; Ass. Folk Compania Juvenil e Infantil de Danzas ?Adriana Molinar? Juan Greco -   Venezuela; Ass. Folk Children Folk Group ? Vojvoda Katic? Mladenovac ? Serbia; Ass. Folk Dance Ensemble ?Zdravets? Sofia ? Bulgaria; Ass. Folk Troupe ? Hora Neurim Mevaseret Zion? Jerusalemme ? Israele; Ass. Folk ? Children?s Folklore Group Janoshichek? Svit ? Slovacchia; Ass. Folk Gruppo ? Preporod ? ? Dugo Selo ? Croazia; Ass. Folk Ozel Bilkent Ilkogretin ? Primaj School Folk Dance Group ? Bilkent ? Ankara ?Turchia; Ass. Folk Troupe Ensemble ? Miqesia? Tirana ? Albania; Ass. Folk Gruppo ? Nupur Saj ? School of Performing Arts ? Navsari ? India; Associazione Gruppo ?Recital? di Fontana Perrelli Minturno (LT); Associazione Contadina  Minturno (LT); Pro Loco Minturno; UNICEF"
STUDIO CONSERVATIVO, INDAGINI DIAGNOSTICHE E RESTAURO SULLA COLLEZIONE FALZACAPPA E SUL FONDO CARDARELLI;50;SocietÖ Tarquiniense d?Arte e Storia (STAS);www.artestoriatarquinia.it;VT;Tarquinia;"Soprintendenza per i Beni Archivistici del Lazio; Regione Lazio; UniversitÖ degli studi della Tuscia; Laboratorio di Diagnostica per la Conservazione e il Restauro ?Michele Cordaro?; Laboratorio Polimaterico dei Musei Vaticani; Istituti bancari"
Festival Francesco Alviti;51;Associazione Concentus Musicus Fabraternus Josquin Des Pres;http://www.concentus-fabraternus.com/ https://festivalfrancescoalviti.wordpress.com/;FR;Ceccano;"Provincia di Frosinone, Comuni di Frosinone, Ceccano, Ferentino, Amaseno, Villa S. Stefano, Supino; Accademia Belle arti Frosinone; Conservatorio Musicale Licinio Refice Frosinone; Liceo Scientifico e Linguistico Ceccano; Associazione Banda Musicale di Ferentino, Associazione Musicale Francesco Alviti, Associazione culturale Francesco Alviti Domenico Cipriani, Associazione Banda Musicale Amaseno, Associazione Coro Polifonico Villa S. Stefano, Associazione Banda Musicale Villa S. Stefano, Associazione Banda musicale di Ceccano, Associazione Amici della Musica, Associazione Musicale MusikÇ Frosinone"
Musei e nuove tecniche di comunicazione e coinvolgimento dei pubblici: lo Storytelling digitale;53;Melting Pro Learning Soc. Coop.;www.meltingpro.org;RM;Roma;"Museo Civico di Zoologia di Roma; Associazione Nazionale Musei Scientifici; Eccom"
Casa Museo dello sguardo sulla disabilitÖ;54;Associazione ?Come un Albero? Onlus;www.comeunalbero.org;RM;Roma;"Ufficio Disabili Adulti RMA, III¯ distretto sociosanitario (ex IV¯); Assessorato alla Cultura II¯ Municipio del Comune di Roma; Assessorato al lavoro e alla formazione della Provincia di Roma; Cattedra di Etnologia, UniversitÖ Sapienza, Roma; Solidarius Italia, impresa sociale; Gruppo Asperger Lazio; Associazione di Promozione Sociale Tavola Rotonda; Circolo Legambiente Mondi Possibili; Associazione Informadarte; Associazione Perfareungioco; Associazione Culturale Fabrica"
Festival delle Emozioni (FdE);55;Consorzio Turistico Terracina d?Amare;www.terracinadamare.it;LT;Terracina;"Regione Lazio; Comune di Terracina; Consorzio Universitario Humanitas; ITS Arturo Bianchini, Terracina; Ipssar Angelo Celletti ? Istituto Professionale Alberghiero di Stato, Formia; Associazione Ristoratori di Terracina; Slow Food ? condotta di Terracina; Associazione artistica ? Art Space; Associazione Culturale ? Ruota Libera; I giovani Filarmonici pontini; Associazione Pontina di Astronomia Latina-Anzio-Nettuno (APA-lan); MYOGA; BLINK CIRCUS; Instagramers Latina; H24 notizie; uneveneye; MOODS; inTango; Enrica Pagliaroli artista; Prof. Mimmo De Rosa; Parrocchia di S. Cesareo; Albergo Mediterraneo; Ambrosia Bistrot; Anxur Tours; Arte Zafferano; BorgoPio Osteria; Cantina Sant?Andrea; Centosedici Hotel Ristorante; De Gregris Oleificio; Edil. Bi S.r.l.; Feragnoli Azienda Agricola; Feronia Bistrot; Grappolo d?uva Ristorante; Hotel Casa Yvorio; Hotel Torre del Sole; Hotel River Palace; Il Caminetto Ristorante; Il Locale Ristorante; La Vita ä Bella Pizzeria; Lavanderia Niagara; Le Rive di Traiano; Little Italy Tours; L?Oro del Golfo Tielle di Gaeta; MG Grandi Cucine; Mokka Caffä; Mondo Fragola; One Adv; Orizzonte Centro Acquisti; Orsini Olio; Paolella Catering; Plasticart; Quelli della Pasta; Tango Marketing & Comunicazione; Unipol Sai Assicurazioni; Vivai M.G."
Visioni Corte Film Festival ? Rassegna Internazionale del Cortometraggio Indipendente;56;Associazione Culturale ?Il Sogno di Ulisse?;www.visionicorte.it;LT;Minturno;"Parco Regionale ?Riviera di Ulisse?; Comune di Minturno; Fondazione ?Angelo Vassallo ? Sindaco Pescatore?; Liceo Scientifico ?Leon Battista Alberti? di Marina di Minturno; Villa Caribe Resort (Spigno Saturnia); Hotel Villa Eleonora (Scauri); Pub ?Lo Scoglio? (Scauri); Ristorante ?La Nueva Moet? (Scauri); FIOF ? Fondo Internazionale per la Fotografia, Video e Comunicazione; Pro Loco Minturno; Accademia Fotografica; Teatri Riuniti del Golfo; Amnesty International; ComunitÖ Terapeutica Marica (Minturno); ComunitÖ Terapeutica ?Insieme? (SS. Cosma e Damiano); Gaia Italia; Affari Italiani; Minturnet.it; Temporeale.info; Cavallo ADV"
Il Narratore di ComunitÖ (NdC) ? workshop di formazione;57;Associazione Culturale Banda del Racconto;https://bandadelracconto.bandcamp.com/ ;VT;Viterbo;"Regione Lazio; Comune di Civita Castellana; Comune di Viterbo; UniversitÖ Agraria di Tarquinia; UniversitÖ degli Studi della Tuscia - Dipartimento Scienze Beni Culturali (DISBEC); Fondazione Caffeina Cultura - Festival Caffeina Cultura; Tusciaweb.eu; Davide Ghaleb Editore; Coldiretti; Slow Food; Carbacc ? Consorzio Aree Basse Colline Cimine (comuni di Bassano in Teverina, Bomarzo, Canepina, Corchiano, Orte, Soriano nel Cimino, Vallerano, Vasanello, Vignanello, Vitorchiano)"
APPasseggio: la cultura della passeggiata, la passeggiata della cultura;58;Associazione culturale GoTellGo;www.appasseggio.it;RM;Roma;"Biblioteca di storia moderna e contemporanea di Roma; Biblioteca Alessandrina; Istituto centrale per il catalogo unico delle biblioteche italiane; Istituto comprensivo Perlasca di Roma; Roma2Pass; Associacione culturale Thamus; Associazione culturale Verdiana Network; Associazione culturale Festina Lente; CSI ABroad, Center for International Studies"
3D IN CORSINI;60;QUALITY LAB SRL;www.qualitylabsrl.it;RM;Roma;"Regione Lazio; Comune di Roma; CittÖ Metropolitana di Roma Capitale; Mibact; Soprintendenza per il Patrimonio Storico, Artistico ed Etnoantropologico e del Polo Museale della CittÖ di Roma; Galleria Nazionale d'Arte Antica in Palazzo Corsini; Pubblilevel; Banca di Credito Cooperativo; Logika; Alioscopy; DPLenticular"
MOVIO ? MOstre VIrtuali Online;61;ISTITUTO CENTRALE PER IL CATALOGO UNICO DELLE BIBLIOTECHE ITALIANE (ICCU);www.movio.beniculturali.it www.iccu.sbn.it;RM;Roma;"Fondazione Telecom Italia; Gruppo Meta; Museo Centrale del Risorgimento; Telecom Italia, Archivio Storico; Biblioteca Universitaria Alessandrina; Regione Lazio; Soprintendenza per i beni archeologici del Lazio; Archivio storico e museo aziendale Birra Peroni ICAR; Biblioteca nazionale centrale di Roma; Direzione Generale Archivi; SSPSAE e Polo Museale della CittÖ di Roma; Museo nazionale di Castel Sant?Angelo; Soprintendenza per i beni archeologici del Lazio; CNR ISMA; OTEBAC; Cliomedia Officina, Torino; Dipartimento di Economia Marco Biagi, UniversitÖ degli studi di Modena e Reggio Emilia; Soprintendenza per i beni archeologici dell?Etruria meridionale"
ADESTE_AUDIENCE DEVELOPER: SKILLS AND TRAINING IN EUROPE;63;MELTING PRO. LABORATORIO PER LA CULTURA ;www.adesteproject.eu;RM;Roma;"FONDAZIONE FITZCARRALDO; INSTITUTE OF LEISURE STUDIES, UNIVERSITA? DI DEUSTO; ENCATC, European Network of Cultural Administration Training Centres, Belgio; THE AUDIENCE AGENCY, UK; DANISH CENTRE FOR ARTS AND INTERCULTURE, Danimarca; Goldsmiths, University of London, UK; LACMA, Los Angeles County Museum of Art, USA; India Foundation for the Arts, India"
Teatro Libero di Rebibbia;64;Ass. Cult. La Ribalta ? Centro Studi Enrico Maria Salerno;www.enricomariasalerno.it www.teatroecarcere.it;RM;Castelnuovo di Porto;"Ministero per i Beni e le AttivitÖ Culturali e del Turismo, Ministero della Giustizia, Dipartimento dell?Amministrazione Penitenziaria; Regione Lazio, Comune di Roma; UniversitÖ La Sapienza, UniversitÖ Roma Tre; Federculture, Coordinamento Nazionale Teatro e Carcere"
IL DIARIO DI FELIX;65;Associazione Culturale Zona;www.zona.org;RM;Roma;Cooperativa sociale Parsec
TolfArte ? Festival Internazionale dell?Arte di Strada e dell?Artigianato Artistico;67;COMUNITA? GIOVANILE DI TOLFA (CgT);www.tolfarte.it;RM;Tolfa;"Comune di Tolfa; Fondazione Cassa di Risparmio di Civitavecchia; Scuole di Tolfa; Enel, SICOI, oltre 40 partner privati; oltre 30 associazioni"
Librimmaginari;70;ARCI, Comitato Provinciale di Viterbo;http://librimmaginari.blogspot.it/ http://www.arciviterbo.it/;VT;Viterbo;"Biblioteca Consorziale di Viterbo; Casa Circondariale di Viterbo; Scuola dell'Infanzia Centro Storico I.C. E. De Amicis di Viterbo, Scuola Primaria Ellera e Scuola Superiore Egidi di Viterbo, Scuola dell'Infanzia di San Sisto di Viterbo, Scuola Primaria I.C. E. De Amicis di Viterbo, Scuola Secondaria di 1¯ grado I.C. Fantappiä di Viterbo, I.C. E. De Amicis Scuola Secondaria di Primo grado Bonaventura Tecchi di Viterbo, Scuola Secondaria di Primo grado G. Carducci di Canepina, Scuola del Libro di Urbino; Regione Lazio; Comune di Viterbo; Arci SolidarietÖ Viterbo; Aucs; AIAP; AI; Maninalto; Orecchio Acerbo; Sinnos; La nuova frontiera jr; Topipittori; Libreria Straffi"
Bracciano alla corte degli Orsini;71;Comune di Bracciano ? Museo Civico;"http://www.culturalazio.it/musei/bracciano/
www.halleyweb.com/c058013/hh/index.php
";RM;Bracciano;"Archivio Storico Capitolino di Roma; UniversitÖ della Tuscia di Viterbo; Istituto professionale per il turismo ?Paciolo? di Bracciano; Associazione Commercianti Bracciano;
compagnia teatrale ?IlTeatrodiTalia? di Bracciano; associazione Forum Clodii di Bracciano, associazione Slow food Bracciano; Professionisti esperti (storia della gastronomia, musica e danze rinascimentali, sceneggiatura e regia, recitazione); sponsor privati
"
Punto multisensoriale ?Venere e Adone? del Museo civico di Bracciano;72;Comune di Bracciano ? Museo Civico;http://www.culturalazio.it/musei/bracciano/;RM;Bracciano;Istituto L. Vaccari di Roma
Orte sotterranea;74;Associazione Culturale Veramente Orte;www.visitaorte.com;VT;Orte;"Provincia di Viterbo; CNR IBAM; Soprintendenza per i Beni Archeologici dell'Etruria Meridionale; Comune di Orte; UniversitÖ della Tuscia ? DISBEC Dipartimento per i Beni Culturali; CNR IBAM; I.I.S. Fabio Besta di Orte; I.C. Isola d'Oro di Orte; ACe20 srl sempl. di Orte; Coop. Sociale La Giocosa di Orte; Ente Ottava Medievale di Orte; Confraternite Riunite di Orte; Ass. Culturale Tele Radio Orte"
Realizzazione di una collana di filmati di documentazione e valorizzazione del patrimonio culturale immateriale del Lazio;76;Comune di Latera - Museo della terra di Latera;www.simulabo.it http://www.culturalazio.it/sistermusei/sist_bolsena/argomento1.php?id=19&vms=40&vmf=47;VT;Latera;"Regione Lazio ? Sistema museale antropologico del Lazio DEMOS; Comune di Latera (VT); Comune di Gradoli (VT); Comune di Posta (RI); Comune di Monte Romano (VT); Comune di Blera (VT); Comune di Canino (VT); Comune di Tuscania (VT); UniversitÖ Agraria di Tarquinia (VT); UniversitÖ Agraria di Monte Romano (VT); UniversitÖ degli Studi di Roma ?La Sapienza?; INF.O.L. e poi LUMAR; Coro delle Confraternite ? Latera;  Confraternita del Purgatorio ? Gradoli; Associazione Amici del Cavallo Maremmano ? Blera; Museo Civico Gustavo VI Adolfo di Svezia ? Blera (VT); Museo del brigantaggio ? Cellere (VT)"
Progetto Coroincanto vocifemminilisenzaconfini;78;Coroincanto ;www.coroincantosenzaconfini.it;RM;Roma;"Associazione Centro Studi Atelier; Libreria ?IL MATTONE?"
HERMES VIRTUAL TOUR (HVT);79;ACRM NET S.r.l.;"http://www.hermesvirtualtour.com/
www.acrmnet.com
";RM;Fiumicino;ENEA e CNR
GiorniVerdi, visite guidate nel Parco di Veio;80;Ente Regionale Parco di Veio;www.parcodiveio.it;RM;Sacrofano;"Comune di Castelnuovo di Porto, Comune di Formello, Comune di Morlupo, Comune di Roma XV Municipio; UniversitÖ, Accademie ed enti di ricerca; Fondazioni e Scuole; Alchimia Soc. Coop; Campagna Romana Soc. Coop; Fauna Urbis Soc. Coop; Sistema Natura Ditta;
De Agricultura Events Soc.; Studio d?Arte Ceramica Carla Francucci; Associazioni di categoria; Associazioni professionali; Didarkä; Archeoclub d?Italia sez. di Formello; Nomos Trek; Amerina; Legambiente circolo Castelnuovo di Porto; CommunitÖ dell?Isola Farnese; L?Ortica; Raglio Ranch; Comitato Cittadino XV Municipio di Roma; Istituto Samantabhadra
"
Fabulamundi. Playwriting Europe;82;PAV s.n.c. di Claudia Di Giacomo e Roberta Scaglione;"http://www.fabulamundi.eu/en/
http://www.pav-it.eu/
";RM;Roma;"European Commission; Mibact?Spettacolo dal vivo-Settore Prosa; Istituto Italiano di Cultura a Parigi; Istituto Italiano di Cultura a Berlino; Accion Cultural Espa§ola; Goethe Institute; Institut Franáais; Teatro di Roma; ThÇÉtre Ouvert (Paris); Teatrul Na?ional TÉrgu-Mure?; (TÉrgu-Mure?); Teatrul Odeon (Bucarest); La Mousson d?êtÇ (Pont-Ö-Mousson); Sala Beckett/Obrador; Internacional de Dramat£rgia (Barcellona); Theater an Der Parkaue (Berlin); Interkulturelle Theaterzentrum Itz e.V. (Berlin); Comune di Milano; IULM - UniversitÖ di comunicazione e lingue; UniversitÖ Roma Tre; UniversitÖ La Sapienza; Accademia Nazionale d?arte drammatica ?Silvio D?Amico?; Fondazione Cariplo; Fondazione Nuovi Mecenati; Fondazione Zetema Progetto Cultura; Scuola Holden di Torino; CAE ? Culture Action Europe; Associazione Culturale Area06 (Roma); Associazione Teatro I (Milano); Associazione Pim Off (Milano); Associazione Olinda Onlus (Milano)"
La memoria lunga. Rifunzionalizzazione del patrimonio immateriale del Lazio;84;COMITATO REGIONALE FITP LAZIO;http://www.fitp.org/;RM;Roma;"MIBACT; UniversitÖ di Sassari, FacoltÖ di Lettere; UniversitÖ degli Studi di Palermo; UniversitÖ degli Studi di Torino; UniversitÖ degli Studi del Molise; Istituto di Ricerca e di Studi di Demologia e di Dialettologia; UniversitÖ di Cagliari; Associazione culturale ?La Taranta?"
Short Theatre;86;AREA06 associazione culturale;http://shorttheatre.org/;RM;Roma;"Mibact ?  Spettacolo dal vivo ? Festival multidisciplinari; Goethe Institut; Institut Franáais; Teatro di Roma; MACRO ? Museo d?Arte Contemporanea Roma; Teatro Stabile dell?Umbria / Terni Festival; Motion / Operaestate Festival Veneto; Teatro Metastasio / Festival Contemporanea; Festival Internazionale di Andria Castel dei mondi; Regione Lazio; Comune di Roma; UniversitÖ Roma Tre; UniversitÖ La Sapienza; Accademia Nazionale d?arte drammatica ?Silvio D?Amico?; Fondazione Nuovi Mecenati; Scuola di teatro ?La Cometa?; Zätema Progetto Cultura; PAV s.n.c.; Associazione Scenario; Carovana SMI / Approdi (Cagliari); ITs Festival, Amsterdam; Be Festival, Birmingham; ITSelF, Varsavia; Mess Festival, Sarajevo; Fabrica de Movimentos, Porto; SKENA-UP, Pristina; ACT Festival, Bilbao"
pARTIcolari, suggestioni d?inverno;87;Associazione giovanile di promozione sociale Juppiter;www.juppiter.it;VT;Capranica;"Regione Lazio; Provincia di Viterbo; Prefettura di Viterbo; Comune di Capranica; Comune di Viterbo; ComunitÖ Montana dei Cimini; Comune Torri in Sabina; Comune di Stimigliano; Comune di Poggio Mirteto; Comune di Canepina; XIV municipio di Roma; Comune di Sutri; UniversitÖ degli studi della Tuscia UNITUS; UniversitÖ degli studi Roma tre; Fondazione Exodus; Fondazione Carivit; Coldiretti"
L?Archivio Multimediale della Fondazione Isabella Scelsi: conservazione, valorizzazione, disseminazione;88;FONDAZIONE ISABELLA SCELSI;www.scelsi.it;RM;Roma;"Ministero dei Beni e delle AttivitÖ Culturali e del Turismo - Direzione Generale per le Biblioteche, gli Istituti Culturali e il Diritto d?Autore e Direzione Generale per gli Archivi; Soprintendenza Archivistica per il Lazio; Istituto Centrale per i Beni Sonori e Audiovisivi
Regione Lazio, Ufficio Soprintendenza ai Beni Librari; Roma Capitale; UniversitÖ degli Studi di Roma (Sapienza e Tor Vergata), Milano, Bologna, Gorizia, Palermo, Catania, Stanford (Regno Unito), Colonia (Germania), Graz (Austria), MontrÇal (Canada); Conservatorio di Musica di Roma, Padova, Milano, Mosca (Russia), Basilea (Svizzera), Colonia (Germania); Accademia Nazionale di Santa Cecilia, American Academy in Rome, Accademia di Francia ?Villa Medici?, Accademia Tedesca ?Villa Massimo?, Goethe Institut-Rom, Istituto Giapponese di Cultura in Roma; IRCAM-Institut de Recherche et Coordination Acoustique/Musique, Parigi; CDMC-Centre de Documentation de la Musique Contemporaine, Parigi; Fondazione Roma ? Terzo Settore, Roma; Fondazione Archivio Luigi Nono, Venezia; Fondazione ?Giorgio Cini?, Venezia; Fondation Sophie Antipolis, Nizza (Francia); Fondazione Isabella de Zogheb, Berna (Svizzera); Cambridge School of Art; Festival di Salisburgo, Festival RAI ?Nuova Musica? Torino, Internationale Ferienkurse fÅr Neue Musik Darmstadt, Paul Sacher Stiftung, Musica de Hoy-Madrid, Festival Ultraschall-Berlino, Festival Archipel-Ginevra, Festival Synthäse-Bourges, Huddersfield Contemporary Music Festival (Regno Unito), Biennale Musica-Zagabria, Filarmonica di Lubiana, Goyang Aram Nuri Arts Center-Seoul (Corea), World Performing Arts Festival-Lahore (Pakistan), Goethe Institut Salvador Bahia (Brasile), RomaEuropa Festival, Istituzione Universitaria dei Concerti-Roma, Fondazione Musica per Roma, Ravenna Festival; Associazione Nuova Consonanza, Roma; NoMus Novecento Musica, Milano; Klangforum Wien, Vienna; Palazzo delle Esposizioni (Roma), Galleria Nazionale d?Arte Moderna (Roma), Museo di arte moderna e contemporanea di Trento e Rovereto, Palazzo Grassi (Venezia), Arts Council England, Museo del Novecento-Milano; Deutschlandradio-Berlino, WDR Westdeutschen Rundfunks Colonia, RadioCEMAT-Roma, ReteToscanaClassica; LIM Libreria Musicale Italiana, Quodlibet, Aracne (Italia), Actes Sud, Editions Salabert (Francia), MusikTexte, Wolke (Germania), Lit (Austria), Rowman and Littlefield (Stati Uniti); Stradivarius Milano Dischi, Wergo, Ars, Brillant, mode records; Istituto Italiano di Cultura di Parigi, Berlino, Colonia, Stoccolma, Mosca, San Francisco
"
MUSICA IN OSPEDALE©;90;Associazione Culturale di Promozione Sociale Musikologiamo;www.musikologiamo.it;RI;Rieti;"Regione Lazio, ASL Rieti; Provincia di Rieti e Comune di Rieti; Conservatorio di Rieti; Fondazione Varrone, Fondazione BNC, Fondazione Gigi Ghirotti; Liceo Scientifico Rieti, Liceo Pedagogico Rieti; Opel, Coop Risparmio 76, RTR Rete Televisiva Reatina, Coop. Massimo Rinaldi; FIAIP Lazio; Alcli Giorgio & Silvia, Associazione, Spes Rieti, Cesv Rieti, Rotary Rieti, Lions Host Club Rieti"
CAMPO D?ARTE ;92;ASSOCIAZIONE CULTURALE TEATRO ALCHEMICO;www.teatroalchemico.org;RI;Rieti;"ASL Rieti UOC Dipartimento Patologie d?Abuso; Comune di Rieti, Assessorato alle Politiche Socio Sanitarie; UniversitÖ degli Studi dell?Aquila Dipartimento di Scienze Umane; Atanor L?Aquila, Scuola di specializzazione in psicoterapia riconosciuta dal Miur; Fondazione Varrone; Studio Evento snc, Cinema Multisala Moderno, Moby Dick libreria ludoteca, Alpes Italia srl, Libreria Universitaria Benedetti L?Aquila; UISP Unione Sport per Tutti, Associazione Mousikä, Associazione musicale Giuseppe Ottavio Pitoni, Associazione Rearte, Associazione Bubuleya, Associazione Albanese Iliria, Associazione Volontari Capitano Ultimo, Associazione Quattrostrade, Associazione Mundus, Associazione Fattore K, Postribó Onlus, BiCiDi Onlus, Associazione Al Kamar Al Rakas, La Casa delle Culture; Parrocchia Sacro Cuore di Gesó di Quattrostrade, Corso Mascherato della CittÖ di Rieti, Progetto ABC della Regione Lazio, Unicef, Telefono Azzurro"
Automata nelle classi: progetti didattici del Modern Automata Museum;95;Associazione Culturale Modern Automata Museum;"www.modernautomatamuseum.com
http://www.clohe-movingtoys.it/00-clohe.htm
";RI;Montopoli di Sabina;"Regione Lazio - Assessorato alla Cultura; Comune di Roma ? Assessorato alla Cultura; Comune di Roma ? Biblioteche di Roma (progetto Racconti in movimento); UniversitÖ di Coimbra (Portogallo) (progetto europeo Clohe); UniversitÖ di Adana (Turchia) (progetto europeo Clohe); Istituto Comprensivo di Fara Sabina; Istituto Comprensivo di Orte; Istituto Comprensivo di Poggio Mirteto; Istituto Comprensivo di Acquapendente; Scuola Montessori di Istanbul, Turchia (progetto europeo Clohe); Scuola Halmerweg, Brema, Germania (progetto europeo Clohe)"
Shingle22j Biennale d?Arte Contemporanea di Anzio e Nettuno;97;Associazione Culturale 00042;"www.shingle22j.com; 
www.00042.it
";RM;Anzio;"Consiglio Regionale del Lazio, Provincia di Roma, Unione Provincie Italiane, Ambasciata del Giappone; Comune di Anzio, Comune di Nettuno; Accademia delle Belle Arti di Lecce, Accademia delle Belle Arti di Roma, Centro Sperimentale di Cinematografia di Roma; A.I.A.C.E In-Video di Milano, Festival dei Castelli animati, Fusibilia, Mad; Studio Diva di Naoya  Yamaguchi,  Fuoco Project"
FESTIVAL INTERNAZIONALE DELLA FIABA. UN PAESE INCANTATO ;100;COMUNE DI CAMPODIMELE;http://www.comune.campodimele.lt.it/;LT;Campodimele;"Associazione Agenzia Arcipelago ? I.P.ER.S.; Ospedale delle Bambole"
INTERNATIONAL CHILDREN?S FOLK FESTIVAL ?Luigi Di Vico?;102;Associazione Culturale ?Gli Paes Mei ? Gruppo Folk;www.gruppofolkalatri.com;FR;Alatri;"Comune di Alatri e  Altri Comuni della Provincia; Scuole di Alatri di ogni  ordine e grado e di altri Comuni viciniori; Associazioni del territorio; Unicef ? Sezione Provinciale e Regionale; CIOFF Italia © (Consiglio Internazionale Organizzazione Festival Folkloristici)"
"Rassegna musicale ""Ascolta la Ciociaria""";103;Associazione Culturale Diapason;http://www.francesco-marino.it/it/archive;FR;Veroli;Senato della Repubblica, Presidenza del Consiglio dei Ministri, MIBACT, Regione Lazio, Consiglio Regionale del Lazio, Provincia di Frosinone, Unesco, Radio Vaticana, Radio CEMAT, Istituto Italiano di Cultura di Stoccarda, Istituto Italiano di Cultura di Budapest, MµV Symphony Orchestra di Budapest, Istituto Balassi, Accademia d'Ungheria in Roma, Comuni di Milano, Roma, Stoccarda (Germania), Tecumseh (Canada), Ciociaro Club of Windsor (Canada), Prefettura di Frosinone, UniversitÖ degli Studi di Roma ?Tor Vergata?, UniversitÖ degli Studi di Cassino e del Lazio meridionale, Master in ?Ingegneria del Suono? e Master in ?Sonic Arts? dell?UniversitÖ di Roma ?Tor Vergata?, Conservatori di Musica di Praga, L?Aquila e Frosinone, Ente di Produzione CEMAT, Unindustria Lazio, Accademia Pianistica Internazionale di Varese, Diocesi di Frosinone-Veroli-Ferentino, Diocesi di Anagni-Alatri, Diocesi di Sora-Aquino-Pontecorvo, riviste nazionali Classic Voice, Suonare News e il Carabiniere, COMI (Consorzio Operatori Musicali Italiani), Accademia Musicale Varesina, Accademia di Belle Arti di Frosinone, Villa d'Este, Camera di Commercio e Confindustria di Frosinone, Federlazio, i Comuni di Frosinone, Tivoli, Alatri, Arpino, Cassino, Fiuggi, Anagni, Ausonia, Atina, Castro dei Volsci, Veroli, Supino, Caprarola, Morolo, Ferentino, Monte San Giovanni Campano, Sgurgola, Vicalvi, XXI ComunitÖ Montana dei Monti Lepini, ExtraTV, Telelazio Rete Blu, Lazio Tv, RTM radio, Associazione Il Clavicembalo Verde di Milano, Avis di Patrica ?Giovanni Paolo II?, Associazione per la vita Carlo Donfrancesco di Frosinone, Monastero di Sant?Antonio Abate in Ferentino (FR), Fiat Group Automobiles/Chrysler S.p.A., Associazione Alfred Cortot di Varese, Associazione Musica ed Emozioni di Veroli, Associazione  Culturale Colle Ionci di Velletri (RM), Istituto di Istruzione Superiore ?Tulliano? di Arpino, Istituto di Istruzione Superiore ?Martino Filetico? di Ferentino, Associazione Mozart Italia sede di Torino, O.N.A.O.M.A.C. (Opera Nazionale Assistenza Orfani Militari Arma Carabinieri), Comando Generale dell?Arma dei Carabinieri.
CERTAMEN CICERONIANUM ARPINAS;108;Centro Studi Umanistici ?M. Tullio Cicerone?;www.certamenciceronianum.it;FR;Arpino;"Regione Lazio (Presidenza del Consiglio regionale); Provincia di Frosinone;
XV ComunitÖ montana di Arce; A.I.P.E.S. di Sora; Camera di Commercio di Frosinone; Comune di Arpino; UniversitÖ degli Studi di Cassino e del Lazio Meridionale; Fondazione ?U. Mastroianni? di Arpino; I.I.S. 'Tulliano' di Arpino; Comitato di Arpino della SocietÖ Dante Alighieri; Associazione ex Alunni ed Amici del Tulliano; Associazione Pro loco di Arpino; Circolo ?Tulliano? di Arpino;
Associazione Ambasciatori del Certamen; A.N.P.O. di Roma; Banca popolare del Cassinate?Cassino
"
BIBLIOMUSICANDO;113;Comune di Sezze-Biblioteca Comunale di Sezze Scalo;www.comune.sezze.lt.it;LT;Sezze;I. C. ?Valerio Flacco? Sezze Scalo
LIBRI DA SCOPRIRE;114;ASSOEDITORI  Associazione Culturale;;LT;Latina;"Provincia di Latina; Comune di Sabaudia; Consorzio Omnia; FISAR Latina;
Associazione Nuova Immagine Latina
"
Dalle acque del lago alle sale del museo: testimonianze e relitti;118;Comune di Bolsena;www.comunebolsena.it;VT;Bolsena;Regione Lazio, Provincia di Viterbo, Ambasciata USA di Roma, Soprintendenza Archeologica del Lazio e dell?Etruria Meridionale, Comune di Bolsena, Sistema museale del lago di Bolsena, National Archives of the United Kingdom, National Museum of the United Air Forces, American Air Force Historical Research Agency, Fondazione CARIVIT-Viterbo, School Year Abroad-Viterbo, Unindustria-Viterbo, Renault Italia-Roma, Banca di Credito Cooperativo-Roma, Lions Club-Viterbo, Rotary Club-Viterbo
ORMETE;120;ECAD;www.ormete.net;RM;Roma;"Istituto Centrale per i Beni Sonori e Audiovisivi (ICBSA del Mibact), Roma; Teatro di Roma, Circolo Gianni Bosio di Roma, Museo Biblioteca dell?Attore di Genova, Associazione Italiana di Storia Orale, Piccolo Teatro di Milano, Teatro Stabile di Torino/Centro Studi del Teatro Stabile, Fondazione Teatro ragazzi e giovani di Torino; con il patrocinio di Dipartimento di Storia, Patrimonio culturale, Formazione e SocietÖ dell?UniversitÖ di Roma Tor Vergata"
PROTAGONISTI. Quando l?integrazione ä possibile;122;SMART Associazione Culturale;http://www.provincia.latina.it/flex/cm/pages/ServeBLOB.php/L/IT/IDPagina/12448;LT;Latina;"Provincia di Latina; MIUR; Comune di Latina; Associazione Viridarium; Sidef; Arcobaleno cooperativa sociale di solidarietÖ; ENS (Ente Nazionale sordomuti); Associazione UICI (Unione Italiana Ciechi e Ipovedenti); Associazione CIIVA; Centro Anziani Vittorio Veneto; Cooperativa sociale Il Quadrifoglio; Cooperativa sociale Saman; Istituti Scolastici Superiori della Provincia di Latina;  Associazione culturale Heritage; Cesv-Spes Volontariato"
IMMAGINI Ardenti, oltre il restauro. Gioco web. Il restauro come riscoperta del bene culturale e sue ricadute nel sociale;124;Provincia di Viterbo;http://www.provincia.viterbo.gov.it;VT;Viterbo;"Biblioteca Consorziale di Viterbo; Istituto Archeologico Germanico e Accademia Nazionale di S. Cecilia; Touring Club Italiano"
Una Biblioteca per una cultura al servizio della comunitÖ;130;Associazione Angelo Di Mario;www.bibliotecasamuseoangelodimario.com;RI;Rocca Sinibalda;"Mibact; Comuni e Scuole; Associazioni Culturali e Circoli culturali"
Vieni in piazza c?ä il teatro;131;Circomare Teatro;www.circomareteatro.it;VT;Orte;"Comuni di Bolsena, Castiglione in Teverina, Nepi, Tuscania, Vasanello; CESV-SPES centri di servizio per il volontariato; Pro Loco di Nepi; Commercianti dell?isola pedonale di Vasanello, Teatro Rivellino di Tuscania; il Mercatino di Bolsena; Comitato Festeggiamenti di Castiglione in Teverina"
Writing Theatre at School;132;Soc. Coop. Moiselle Le Blanc s.c.a r.l.;www.emporiodellearti.com;RM;Roma;"Liceo Classico Dante Alighieri, Roma; I.I.S. Beata De Mattias, Roma,
I.C. Via Latina 303, Roma; I.I.S. Jean Piaget, Roma; UWEZO GmbH, Germania; Cofora BV, Olanda
"
Teatro e cultura in Sabina;133;Terzo Millennio Associazione Culturale;"www.violangeloteatro.it;
www.violettachiarini.it
";RM;Roma;"Comuni di Casperia, Cantalupo, Collevecchio, Castelnuovo di Farfa; Bis Tremila Bideri Spettacolo; Hermes 2000 Associazione Culturale e per il tempo libero"
LAZIO FESTIVAL ? PORTO CLEMENTINO FESTIVAL;135;C.T.M. Centro Teatro Musica Onlus;Portoclementinofestival-facebook;RM;Roma;"UniversitÖ Agraria di Tarquinia; Regione Lazio-Assessorato alla Cultura e Politiche Giovanili; Provincia di Viterbo; Comune di Tarquinia; Fondazione Cassa di Risparmio di Civitavecchia; UniCoop Tirreno-Sezione Soci Etruria; Consmaremma SocietÖ Cooperativa Agricola; Reale Mutua Assicurazioni; Elitaliana; Centro Benedetti; Meriplast ? Serramenti e soluzioni di sicurezza; GH Grand Hotel Helios; Edilizia Conti; Impianti elettrici Simone Dominici; Avad ? Associazione Volontari Assistenza Disabili ?Il Buon Samaritano? di Tarquinia; Teatro Popolare di Tarquinia; Associazione il Borgo dell?Argento; Associazione Il Mosaico; Pro Loco di Tarquinia; Associazione Teatrale Faul di Viterbo; Talent Art Factory; D.P.M. Academy Ballet; Estrela Latina, Centro Studio Danza; Arteritmica; Sunflower Academy; New Energym; Talent Academy; Dance Studio; A.c.s.d Talent Company"
FESTIVAL PONTINO del CORTOMETRAGGIO INTERNAZIONALE;136;Associazione La Domus;www.fpdc.it;LT;Latina;"Compagnia dei Lepini; Museo Terra Pontina; ENS Istituto Statale per sordi Roma; Comuni di Latina, Pontinia, Sabaudia, Sermoneta, Bassiano, Priverno, Cisterna di Latina; UniversitÖ Roma 3; La Sapienza; Conservatorio Respighi Latina; Liceo Classico D. Alighieri; Licei Scientifici G.B.Grassi e Majorana; Liceo Pedagogico Manzoni; Istituti Tecnici Marconi, Salvemini, S. Benedetto; Liceo Artistico; Shake Lab (Studio Multimediale); Mad (Museo d?Arte Diffusa); Factory 10; Feltrinelli LT; Camera di Commercio di Latina; LatitudineTeatro; Opera Prima; Danzarte; Centro Donna Lilith; L.v.i.a.; AMREF; BxH; Dokita; UNHCR; Solidarte; MFE Movimento Federalista Europeo; Coop. Soc. Karibó; AEMME Produzioni"
Pontinia LEGO design by me;137;Antonio Rossi ? pontiniaweb.it;"www.pontiniaweb.it
http://www.museoagropontino.it/news/pontinia-lego-design-by-me-antonio-rossi/
";LT;Pontinia;"Comune di Pontinia, Assessorato alla Cultura; Museo Agro Pontino (MAP)"
VIAGGIO TRA I MANOSCRITTI E I LIBRI ANTICHI DELLA PROVINCIA DI LATINA. Storia cultura e societÖ attraverso la storia dei documenti dal XII al XVII secolo nella Campagna e Marittima;138;C.A.P.IT (Confederazione di Azione Popolare Italiana) sede provinciale di Latina;www.capitlatina.net;LT;Latina;"Ministero per i Beni Culturali ? Direzione Beni Librari; Archivio di Stato di Latina; Biblioteca Comunale di Latina, Biblioteca Storico umanistica Albenziana, Biblioteca Salvatore Mignano di Gaeta, Museo delle Opere Aldine di Bassiano, Centro Culturale di Gaeta, Biblioteca Casanatense di Roma; Provincia di Latina ? Assessorato alla Promozione Culturale; Comune di Latina ? Assessorato alla Cultura; S.I.S.M.E.L. SocietÖ Internazionale per gli studi del Medioevo; Edizioni Del Galluzzo; Casa editrice Viella"
AgriCulture. Cultura agraria, memoria storica, beni culturali del Lazio;139;ITALIA ANTICA;www.italiantica.it/;RM;Roma;"MIUR - Ufficio Scolastico Regionale Lazio; Comune di Anzio; Comune di Pomezia; Liceo Statale ?Antonio Meucci? - Aprilia; Liceo Classico ?Dante Alighieri?; Liceo ?Carlo Jucci? - Rieti; Istituto Comprensivo Ardea1; Istituto Comprensivo Statale ?Pietro Vanni? - Viterbo; Associazione ?Arcaica Civitas?; Associazione ?Ardea Lab?; Associazione Latium Vetus; Associazione Nomentana di Storia ed Archeologia"
FESTIVAL LABORATORIO INTERCULTURALE DI PRATICHE TEATRALI;140;Associazione Teatro Potlach;www.teatropotlach.org;RM;Roma;Regione Lazio
CITT∑ INVISIBILI;141;Associazione Teatro Potlach;www.teatropotlach.org;RM;Roma;"Comune di Roma; UniversitÖ La Sapienza"
"PROGETTO ""Percorsi d?identitÖ"". Storie di vita, territori e bonifiche? ? iniziativa Be@ctive promossa da Unione Province d?Italia e cofinanziata dall?Agenzia Nazionale dei Giovani";145;COMUNE DI LATINA;"www.comune.latina.it;
www.percorsididentita.it/
";LT;Latina;"Provincia di Latina; Comune di Latina; Comune di Cisterna di Latina; Liceo Classico Statale Dante Alighieri di Latina; Melting Pro Learning SocietÖ Cooperativa"
FESTIVAL I CONCERTI NEL PARCO  ;149;Associazione Culturale I Concerti nel Parco;www.iconcertinelparco.it;RM;Roma;"Ministero dei Beni delle AttivitÖ Culturali e del Turismo; Roma Capitale; Regione Lazio; Provincia di Roma; UniversitÖ Roma Tre; American University of Rome; Accademia Nazionale D?Arte Drammatica Silvio D?Amico; Conservatorio di Musica Santa Cecilia; Accademia di Moda e Costume di Roma; Fondazione Ravello Festival; Fondazione Musica per Roma; Fondazione Accademia Nazionale di Santa Cecilia; Piccolo Teatro di Milano; Teatro d?Europa; Fondazione Taormina Arte; Scuole Primarie e Secondarie Municipio Roma XII; Scuola Popolare di Musica Donna Olimpia; Scuola Popolare di Musica del Testaccio; iFestivaldiRoma (Associazione di associazioni che riunisce ventidue enti di spettacolo di Roma); Agis Lazio; Consulta Musica ( Organismo che raggruppa circa diciotto enti di spettacolo di Roma e del Lazio); Teatro dell?Archivolto (Genova); Teatro Vascello; Teatro Verde; i Festival Invito alla Danza; Roma Incontra il Mondo; Jazz, Image; I  Solisti del Teatro; Centro Ricerche Musicali; Sinnos Editore;  Ass Kaleidos Monteverde; Il Carosello; Road House, Ass. Cult. Sinoforum; Ass. Cult Perfareungioco; Ass. Cult. La Scatola Sonora; Ass.Cult. BurattinMusica, La Compagnia del Sole; I Cantieri dello Spettacolo"
da Cosa nasce cosa;152;zerotremilacento arte pubblica relazionale;www.zerotremilacento.it;FR;Frosinone;"Amministrazione Provinciale di Frosinone; Amministrazione Comunale di Alatri; Amministrazione Comunale di Frosinone; Amministrazione Comunale di Ceccano; Conservatorio Licinio Refice di Frosinone; Liceo Scientifico e Linguistico di Ceccano; Istituto Comprensivo Primo di Ceccano; Istituto Istruzione Superiore Luigi Pietrobono di Alatri; Istituto Istruzione Superiore Pertini di Alatri; Istituto d?Istruzione Superiore Brunelleschi-Da Vinci di Frosinone; Istituto Istruzione Superiore Liceo Artistico ?A.G. Bragaglia? di Frosinone; Istituto Comprensivo Terzo di Frosinone; Associazione Professionale Proteo Fare Sapere; Associazione Orizzonti di Ceccano; Associazione GAM di Ceccano; Associazione AltriColori; Associazione Frosinone Bella & Brutta; Associazione Compagnia Errare Persona; Coro CAI di Frosinone"
Premio letterario ?Cesira la Ciociara - per la narrativa storica e realistica?;153;Comune di Fondi;www.comunedifondi.it;LT;Fondi;"Provincia di Latina; Comune di Fondi; ITC ?Libero de Libero? (Fondi), Liceo Scientifico ?Leonardo da Vinci? (Terracina); Banca Popolare di Fondi; Ass. B&B di Fondi; Associazione G. De Santis; Associazione ?Ex Alunni liceo di Fondi?; FacoltÖ di Lettere e Filosofia dell?UniversitÖ di Tor Vergata; ?Associazione  Alberto Moravia onlus?"
Festival del giallo e del noir;154;IL TULIPANO NERO Associazione Culturale;http://giallolatino.com/giallolatino/;LT;Latina;Enti e amministrazioni pubbliche, UniversitÖ, Camere di commercio, Associazioni di categoria, Ordini professionali, Associazioni private, Scuole
Mediavisuale ? Centro di documentazione sulla sorditÖ;155;Istituto Statale per Sordi - Roma (ISSR);http://www.issr.it/MEDIAVISUALE.html;RM;Roma;"MIUR, Regione Lazio, Comune di Roma, Ministero dei Beni e delle AttivitÖ Culturali; Municipio II, Municipio VIII; UniversitÖ La Sapienza, UniversitÖ Roma Tre; Fondazione MAXXI; Istituto Professionale Statale per l?Industria e l?Artigianato ?Antonio Magarotto? (I.S.I.S.S.); Pedius, Veasyt; ENS Regione Lazio; Anios ? Associazione Nazionale Interpreti di Lingua dei Segni Italiana; CulturAbile Onlus"
Biblioteca ?La casa dei libri? dedicata ai bambini da 0 a 10 anni;156;Comune di Formia;"www.comune.formia.lt.it
http://casadeilibri.wix.com/casadeilibri
";LT;Formia;"Sistema Bibliotecario Sud Pontino; Istituto Centrale per il Catalogo Unico; Polo UniversitÖ ?La Sapienza? di Roma; Regione Lazio; Provincia di Latina; Istituti comprensivi e paritari presenti sul territorio comunale e comprensoriale; Associazioni culturali, musicali, teatrali, di promozione del patrimonio storico e archeologico; Imprenditori, liberi professionisti del settore psico-pedagogico e librario, comuni cittadini"
NAVIG@NAGNI;158;Comune di Anagni ;"www.comune.anagni.fr.it
http://www.comune.anagni.fr.it/pagina2272_navignagni.html
";FR;Anagni;GEOCONSULT Service s.r.l.
LE GIORNATE DELLA SCIENZA 2012: ESPLORANDO L?UNIVERSO;159;Osservatorio Astronomico di Campo Catino;www.campocatinobservatoy.org;FR;Guarcino;"Istituto Galileo ? CRFF; Comune Frosinone; Provincia di Frosinone;
UniversitÖ Cassino e Lazio Meridionale; Accademia Belle Arti; Conservatorio L. Refice Frosinone; MIUR IX Frosinone; Museo Scienze di Trento; ITIS Morosini ? Ferentino; Unione Astrofili Italiani; A.T.A.; IIS Ceccano, IIS Buonarroti Fiuggi, IIS Brunelleschi-Da Vinci Frosinone, Liceo Varrone Cassino, Liceo Pietrobono Alatri, Liceo Scientifico Ceccano, Liceo Scientifico Severi Frosinone
"
MAT Spazio_Teatro;160;Associazione Culturale Matutateatro;www.matutateatro.it;LT;Sezze;"Regione Lazio; Provincia di Latina; Comune di Sezze; Fondazione Palazzo della Cultura di Latina; Istituto Comprensivo Valerio Flacco di Sezze; I.S.I.S.S. Pacifici e De Magistris di Sezze; Istituto Comprensivo Pacifici Sezze ? Bassiano; C.S.Q.S. srl; Azienda Rossi srl; A.T.C.L. Associazione Teatrale fra i Comuni del Lazio; Associazione CON-TATTO; Compagnia dei Lepini; Museo Etnografico del Giocattolo ? Ludus di Sezze; Biblioteca comunale di Sezze; Mediateca provinciale di Latina; ASL Latina ? Dipartimento di Salute Mentale; Gruppo ?In difesa dei beni archeologici? di Sezze; Cooperativa sociale - Casa famiglia ?La campanella? di Sezze; KARIBU SocietÖ Cooperativa Integrata di Sezze; Gruppo parrocchiale San Lorenzo di Sezze; TeatroNet;  Circuito Teatri Off del Lazio; In-Box rete di teatri"
Il Segni Project. Archeologia a 360¯: da un progetto di ricerca internazionale al ?Manuale del piccolo archeologo?;166;Comune di Segni-Museo Archeologico Comunale;www.museosegni.it;RM;Segni;"Soprintendenza Archeologica del Lazio e dell?Etruria Meridionale; Consiglio Regionale del Lazio; British School at Rome; I.C. di Segni; Associazione Culturale ?Amici del Museo di Segni?; Diocesi Suburbicaria di Velletri-Segni"
STORIA E ILLUSTRAZIONE DEL LIBRO;167;Comune di Acquapendente;"www.bibliolabo.it;
www.comuneacquapendente.it
";VT;Acquapendente;"Sistema Bibliotecario Lago di Bolsena (Comuni di Acquapendente, Bolsena, Capodimonte, Gradoli, Grotte di Castro, Ischia di Castro, Marta, Montefiascone, S. Lorenzo Nuovo, Valentano); Scuole del territorio"
DISEGNI E GIOCHI DELLA FANTASIA;168;Comune di Acquapendente;"www.bibliolabo.it;
www.comuneacquapendente.it
";VT;Acquapendente;"Sistema Bibliotecario Lago di Bolsena (Comuni di Acquapendente, Bolsena, Capodimonte, Gradoli, Grotte di Castro, Ischia di Castro, Marta, Montefiascone, S. Lorenzo Nuovo, Valentano); Scuole del territorio"
Biennale di Arte Contemporanea CittÖ di Latina- Premio Sergio Ban;171;Associazione di Promozione Sociale SOLIDARTE;www.latinasolidarte.it;LT;Borgo Sabotino;"Direzione CASA CIRCONDARIALE di LATINA; COMUNE di LATINA;
Liceo Artistico Statale di Latina; Azienda Farmaceutica ABBOTT (Campoverde LT); Impresa di Costruzioni EDIL GI.MA.; Cantina Sociale S. Maria; Ghedin Frutta; Estintori Signorotto; Edilcommerciale Destro; Pacia Legnami; Timotini Costruzioni; MG Arredamenti; Impresa di Costruzioni MANTOVANI Michele; Tipografia CIVERCHIA; Azienda Agricola CASALE DEL GIGLIO; Latticini CUOMO; Impresa Costruzioni LA CASA DEI LARES; TRIVELLATO; CINELLI; FIORI DI ZUCCA Comunicazione; Associazione Antidiscriminazione Antibullismo SEIcomeSEI; Associazione Culturale BABYCAMPUS Edutainment (Velletri); Associazione culturale MAD; Associazione Culturale ARTIVAZIONE; Associazione Culturale IN GiarDino; Associazione Casa dell'Architettura; Cooperativa Sociale ASTROLABIO, progetto SPRAR; Cooperativa Sociale UNIVERSIIS (UD)? Cooperativa Sociale ALTRI COLORI (FR); UST-CISL Territoriale Latina; CGIL Territoriale Latina; PROTEZIONE CIVILE Sezione di Borgo Sabotino; RSWEBdesign  Rita Silano; Studio LEONARDO Infortunistica stradale; Vivai DIONIGI; Il Museo GIANNINI; D.F. Logistica Service; Rivista di Costume e SocietÖ EGO; IL CHIODO Fitness Centre; CAP' PubblicitÖ Comunicazione Design Marketing; HOTEL MIRAMARE; SERGIACOMI Belle Arti e Hobby
"
"?UN?ORCHESTRA A TEATRO ? STAGIONE DI CONCERTI? 
Conservatorio Statale di Musica ?Ottorino Respighi? e Fondazione Campus Internazionale di Musica di Latina
";173;FONDAZIONE CAMPUS INTERNAZIONALE DI MUSICA;www.campusmusica.it;LT;Latina;"MIUR e Ministero Beni e AttivitÖ Culturali e Turismo; Provincia di Latina e Comune di Latina; Accademia Nazionale di Danza; Scuole di Latina; Compagnia Balletto CittÖ di Latina, Corale San Marco, scuole di danza"
Il MITREO di Corviale ;174;ISIDE SRL;www.mitreoiside.com;RM;Roma;"MIBACT, Regione Lazio, Roma Capitale; Municipio Roma XI e XII, Ater Roma, Ente Parco Roma Natura; Sapienza UniversitÖ di Roma, UniversitÖ degli Studi di Roma Tor Vergata, UniversitÖ degli studi del Molise; La Scenografia International, Aurelia trading e Altarea - Cogedim (Centro Commerciale Casetta Mattei), Tecnikos spa, Verdana srl, M&A; AGCI Associazione Generale Cooperative Italiane Lazio; CNA Confederazione Nazionale Artigianato;, CESV ? Centro Servizi per il Volontariato del Lazio; Associazione Siaf Italia (SocietÖ Italiana Armonizzatori Familiari, operatori e counselor olistici); Associazione MitreoIside, ASD Danzando, Associazione Culturale Tango Allegria, ASD Il Cerchio dell?Amicizia ONLUS, Associazione Nazionale Yoga della Risata, ASD Go West, Associazione FaciviltÖ, Associazione Filomati, Associazione Show and Art. , Forum Terzo Settore Lazio, Associazione di Promozione Sociale Corviale Domani (che coordina e rappresenta centinaia di tecnici, esperti di settore, social media, associazioni, enti tra cui: ASD Calcio Sociale, ASD Arvalia Villa Pamphilj Rugby Roma, Acli Sport, Art Arvalia Onlus, Piacca, ComunitÖ X, I Diagonali, Verde Luna, Fedim - Federazione Italiana Musicoterapia, Arci Lazio, Biblioteca ?Renato Nicolini?, Fondazione Volume!, Istituto Comprensivo ?Via dell?Oratorio Damasiano?, Liceo Scientifico Statale Giovanni Keplero, Banca del tempo  e C.O.L. di Corviale, Cooperativa Acquario ?85, Rete Fattorie Sociali, Carteinregola, CILD? Coalizione Italiana LibertÖ e Diritti Civili, Verde pensile, Zero Waste Lazio, Coopsim, ecc.)
j. (vedi in APS Corviale Domani), Promo-ter, ?Accademia di Decorazione di Lidia Di Donato?, ?Voglia di Creare?, Kundalini Yoga Galia?s School
"
Cento CittÖ in Musica XI edizione;176;Associazione Europa Musica;www.europamusica.eu;RM;Roma;"Mibac - Direzione Generale Spettacolo dal Vivo, Roma CittÖ Metropolitana; Comuni di Albano Albano Laziale, Anzio, Cerveteri, Ciampino, Civitavecchia, Fiumicino, Gaeta, Gavignano, Ladispoli, Marino, Monterotondo, Olevano Romano, Pisoniano, Poggio Mirteto, Palombara Sabina, Rignano Flaminio, Roma, San Polo dei Cavalieri, Santa Marinella, Tolfa, Vignanello; Conservatorio di Santa Cecilia, UniversitÖ di San Bonaventura, Centro Sperimentale di Cinematografia (Roma); Fondazione Ca.Ri.Civ.,  Fondazione Varrone, Fondazione Domenico Bartolucci (Roma); Romeur Accademy (Roma), Liceo scientifico Galileo Galilei (Civitavecchia), Liceo Classico Padre Alberto Guglielmotti (Civitavecchia); ACEA spa, ENAV spa, UNIPOL SAI; Ass. Amici del Museo (Poggio Mirteto), Ass. Chez Arts (Ladispoli), Ensemble le Muse (Roma), Ass. Tesori dell?Arte (Gaeta), Ass. Artemusica (Gaeta), Cooperativa Montefortino (Artena), Ass. Coro AMLAS (Albano Laziale), Ass. Orchestra Savelli (Palombara Sabina), Associazione Forum Musica (Ciampino); Accademia Filarmonica Romana, Produzione Helikonia ? Roma"
Tuscolo #Partecipatoalto. Progetto di gestione partecipata delle aree del Parco Archeologico e culturale del Tuscolo;177;Semintesta Associazione culturale;"www.semintesta.it;
www.tuscolo.org/
";RM;Frascati;"ComunitÖ Montana Castelli Romani e Prenestini; Comune di Monte Porzio Catone, Comune di Frascati; Istituto comprensivo Frascati 1, Istituto comprensivo Frascati 2; Agricoltura Sociale Capodarco, Cantina Romoletto, Ristorante Il Torchio, Magnolia Eventi S.r.l., Hosteria da Amedeo, Libreria Lotto 49; Associazione U Lengheru Neru, Associazione Alchimia, Gruppo Archeologico Latino ?Latium Vetus?, Associazione Tuscolana SolidarietÖ, Associazione Legamenti, Officine Fotografiche K, Associazione Idee in Movimento, Associazione Approdo di Turan, Ge.Co associazione culturale"
Notte delle Candele;178;Associazione Culturale Piccole Serenate Notte delle Candele;www.nottedellecandele.eu;VT;Vallerano;Comune di Vallerano
FESTIVAL PIANISTICO DI ROMA;180;ASSOCIAZIONE CONCERTISTICA ROMANA;www.associazioneconcertisticaromana.it;RM;Roma;"Regione Lazio e Provincia di Roma; Zetema; Conservatori di Roma, Latina e Frosinone; Croce Rossa Italiana; IMAIE; Biblioteca Angelica e Biblioteca Casanatense; Istituto Polacco di Roma"
?CASTELLO DEI DESTINI INVENTATI #2014?;184;ASSOCIAZIONE CULTURALE ROKKA VILLAGE;www.castellodestininventati.it;RI;Rocca Sinibalda;"Comune di Rocca Sinibalda, Comune di Rieti, ComunitÖ Montana del Turano VIII Zona; Comune di Castel Di Tora, Comune di Colle Di Tora, Comune di Longone Sabino, Comune di Paganico Sabino, Comune di Rieti; Fondazione Varrone di Rieti; Scuola elementare e media di Rocca Sinibalda; Gionata Srl, Wasp srl; CNA Rieti; Associazione Teatro RIGODON"
?Museumgrandtour: la rete dei musei dei Castelli Romani e Prenestini? ;185;XI ComunitÖ Montana del Lazio Castelli Romani e Prenestini (XI C.M.);www.museumgrandtour.org/;RM;Rocca Priora;"Comuni di Albano Laziale, Colonna, Frascati, Genazzano, Gallicano nel Lazio, Monte Porzio Catone, Lanuvio, Valmontone, Palestrina, Rocca di Papa, Rocca Priora, Zagarolo; Diocesi di Palestrina; MiBact per i Musei  Nazionali di Palestrina, Nemi e Grottaferrata; Fondazione per la Ferrovia Museo della Stazione di Colonna Musei"
La Palestra dell?Innovazione e il Media Art Festival;187;Fondazione Mondo Digitale;www.mondodigitale.org;RM;Roma;MIUR ? Ministero dell?Istruzione, dell?UniversitÖ e della Ricerca. Regione Lazio. Roma Capitale. Sapienza UniversitÖ di Roma. UniversitÖ degli Studi Roma Tre. Zätema Progetto Cultura s.r.l. Centrale Montemartini. Link Art Center. British Council Italia. Gli Ori ? editori contemporanei. C.A.R.M.A. Centro d'Arti e Ricerche Multimediali Applicate. Circa 100 scuole in 17 Regioni d?Italia aderenti alla Rete nazionale delle Palestre dell?Innovazione. Fondazione MAXXI. CNA ? Confederazione Nazionale Artigiani. Camera di Commercio di Roma
Residenze per compositrici e musicologhe presso la sede della Fondazione Adkins Chiti: Donne in Musica nel borgo di Fiuggi CittÖ (FR);188;"FONDAZIONE ADKINS CHITI; DONNE IN MUSICA";www.donneinmusica.org;FR;Fiuggi;"tutti i Conservatori Italiani; tutti i Conservatori Europei; le UniversitÖ italiane ed europee con un dipartimento di musicologia; International Network ?Donne in Musica? (114 Paesi)"
FESTIVAL LEGGERE, le parole tra noi  ;190;Ass. CULTURALE CIMAMUSIC ARTEDUCAZIONE;www.artipelago.it;RM;Castelnuovo di Porto;"Regione Lazio, Provincia di Roma e CittÖ Metropolitana di Roma Capitale, Comuni di Castelnuovo di Porto, di Riano, di Campagnano, di Rignano Flaminio, di Sant'Oreste, di Morlupo, UniversitÖ degli Studi Roma Tre, Conservatorio di Musica di Bologna, Conservatorio di Musica dell'Aquila; Centro Studi Vittorio Bodini, Istituti comprensivi di Castelnuovo di Porto, di Riano, Liceo Piazzi di Morlupo, Biblioteca comunale di Campagnano"
Progetto ?Library. I love it!? finanziato dal programma Grundtvig - LLP;193;CittÖ Metropolitana di Roma Capitale ? Dip. VIII Cultura sport e tempo libero ? Ufficio di Direzione ?Rete biblioteche?;"www.cittametropolitanaroma.gov.it;
biblioteca-provinciale.provincia.roma.it;
";RM;Roma;"Direzione provinciale di Aydin - Ministero della Cultura e del Turismo ? Turchia; CReA ONLUS, Centro Pio Rajna, Centro G. G. Belli; Biblioteca municipale di Piekary Slaskie, Polonia; Biblioteca municipale di Dornbirn, Austria; Biblioteca municipale di ?Ivan Vidali"" di Korcula, Croazia; Biblioteca municipale di Olomouc, Repubblica Ceca; Biblioteca municipale di Iisalmi, Finlandia; Biblioteca municipale di Arucas, Spagna (Gran Canaria)"
Rassegna Teatrale 2015/2016 XXI edizione;195;Associazione Teatro Ragazzi di Latina;www.teatroragazzilatina.com;LT;Latina;"A.T.C.L. (Associazione Teatri Comuni del Lazio), Acqua Latina; Comune di Latina, Provincia di Latina e Regione Lazio; tutte le scuole presenti nel territorio provinciale (da scuola infanzia fino a quelle secondarie di secondo grado); Star Copy, Like ADV; Associazione Culturale Lestra"
Mediazioni interculturali nell?area metropolitana di Roma: sistemi e sperimentazioni;198;CittÖ Metropolitana di Roma Capitale ? Dip. VIII Cultura sport e tempo libero ? Ufficio di Direzione ?Rete biblioteche?;"www.cittametropolitanaroma.gov.it ;
http://biblioteca-provinciale.provincia.roma.it
";RM;Roma;"CittÖ metropolitana Roma Capitale; Comuni e biblioteche di Anzio, Fiumicino, Lanuvio, Santa Marinella; Municipio Roma IX, ASL Roma H; Comune di Ardea - Istituti Comprensivi di Ardea (Ardea II, Ardea III, Via della Tecnica, Via Laurentina 710, Indro Montanelli); Associazione C.R.E.A. Centro Ricerche e AttivitÖ, con sede a Palestrina"
